{"cameraMode":{"drawMode":0,"name":"Shaded","section":"Shading Mode"},"sceneLighting":true,"audioPlay":false,"sceneViewState":{"showFog":true,"showMaterialUpdate":false,"showSkybox":true,"showFlares":true,"showImageEffects":true,"showParticleSystems":true},"in2DMode":false,"pivot":{"x":0.9723844528198242,"y":0.28461146354675295,"z":-0.9214645624160767},"rotation":{"x":0.30602186918258669,"y":0.42811766266822817,"z":-0.15677274763584138,"w":0.835771381855011},"size":4.358978271484375,"orthographic":true}